id,season,city,date,team1
1,2017,Hyderabad,2017-04-05,Sunrisers Hyderabad
2,2017,Pune,2017-04-06,Mumbai Indians
3,2017,Rajkot,2017-04-07,Gujarat Lions
4,2017,Indore,2017-04-08,Rising Pune Supergiant
5,2017,Bangalore,2017-04-08,Royal Challengers Bangalore
6,2017,Hyderabad,2017-04-09,Gujarat Lions
7,2017,Mumbai,2017-04-09,Kolkata Knight Riders
8,2017,Indore,2017-04-10,Royal Challengers Bangalore
9,2017,Pune,2017-04-11,Delhi Daredevils
10,2017,Mumbai,2017-04-12,Sunrisers Hyderabad
11,2017,Kolkata,2017-04-13,Kings XI Punjab
12,2017,Bangalore,2017-04-14,Royal Challengers Bangalore
13,2017,Rajkot,2017-04-14,Rising Pune Supergiant
14,2017,Kolkata,2017-04-15,Kolkata Knight Riders
15,2017,Delhi,2017-04-15,Delhi Daredevils
16,2017,Mumbai,2017-04-16,Gujarat Lions
17,2017,Bangalore,2017-04-16,Rising Pune Supergiant
18,2017,Delhi,2017-04-17,Delhi Daredevils
19,2017,Hyderabad,2017-04-17,Sunrisers Hyderabad
20,2017,Rajkot,2017-04-18,Royal Challengers Bangalore
20191103,20,,,
